clause_text,clause_type,risk_level,predicted_risk,correct
"HSWI may not sublicense the Content, Images or Affinities to any paid-subscription website which is an aggregator of third-party content (for the avoidance of doubt, such shall not include the",Non-Compete,high,Medium,False
"If the Board elects to pursue such Neutraceutical Opportunity, the Operating Company then shall have exclusive rights to exploit such Neutraceutical Opportunity, but solely with respect to use of Astaxanthin as a Neutraceutical, and, subject to Article 8.1, the Party (or its Affiliate) that has developed, discovered or acquired such opportunity, product or process will, however, be entitled to exploit such opportunity, product or process for application outside of use of Astaxanthin as a Neutraceutical",Competitive Restriction Exception,high,Medium,False
SRP may not obtain any associate or secondary sponsors whose products or concepts compete with Logan's.,Non-Compete,high,Medium,False
"NOTWITHSTANDING THE FOREGOING, NONE OF THE FOREGOING LIMITATIONS OF LIABILITY SET FORTH IN THIS SECTION 3.1 SHALL BE AVAILABLE TO EITHER PARTY WITH RESPECT TO A BREACH OF SECTION 4, CONFIDENTIAL INFORMATION, OR FOR CLAIMS TO THE EXTENT THEY ARISE OUT OF A PARTY'S GROSS NEGLIGENCE, FRAUD, OR WILLFUL MISCONDUCT.",Uncapped Liability,high,High,True
"Member covenants and agrees that during the term of the Franchise Agreement, except as otherwise approved in writing by Franchisor, Member shall not, either directly or indirectly, for itself, or through, on behalf of, or in conjunction with any person, persons, partnership, corporation, or entity: (i) Own, manage, engage in, be employed by, advise, make loans to, consult for, rent or lease to, or have any other interest in business that (directly or indirectly) operates, or grants franchises or licenses to operate, a restaurant featuring pizza and related food specialties or that offers products or services substantially similar to those then offered by Pizza Fusions Restaurants (""Competitive Business"");",Non-Compete,high,Medium,False
"In the event that the Agreement is terminated pursuant to Section 14.5, the following shall occur:",Joint Ip Ownership,high,Medium,False
The BSP may terminate the whole or any part of this agreement for convenience at any time by giving Datec at least 6 months prior written notice.,Termination For Convenience,high,Medium,False
"Furthermore, Sanofi shall within [***] after the effective date of such termination, transfer to RevMed all files and documents relating to the prosecution, defense or enforcement of the RevMed Licensed Patents or Joint Program Patents and provide reasonable assistance for a period not to exceed [***] following the effective date of termination, up to a total of [***], in the transfer of the prosecution, defense and enforcement responsibilities to RevMed, including by executing any documents reasonable necessary therefor.",Volume Restriction,high,Medium,False
"For avoidance of doubt, all BII liability or indemnification obligation that might result from representations and the warranties under this Section 6 are always subject to the limitations set forth in Section 7.4 of this Agreement.",Cap On Liability,high,Medium,False
The term of this Agreement is five (5) years unless the early termination in accordance with this Agreement.,Expiration Date,high,Medium,False
Neither this Agreement nor any part of this Agreement may be assigned or transferred by either party without the prior written consent of the other party.,Anti-Assignment,high,Medium,False
"If the Parties fail to reach agreement within ninety (90) days after the start of such negotiations, which shall be evidenced by  written notice from one Party to the other initiating such negotiations, each Party shall have the non-exclusive right to use and commercially  exploit JOINT INTELLECTUAL PROPERTY for any and all purposes, with the right to grant sublicenses, subject to the obligations of the first  sentence of Article 14.3, provided that no licenses on any transgenes or transgenic technologies of the other Party shall be included or implied.",License Grant,high,Medium,False
"Upon termination of this Agreement,",Post-Termination Services,high,Medium,False
"Licensor on behalf of itself and its Affliates hereby grants to Licensee the limited licenses to use and have used the Licensed Mark: (i) for the Licensed Products as set forth on Schedule 2; and (ii) as set forth on Schedule 1, concerning agreements entered into by Licensee prior to the Effective Date (""Existing Agreements""). For the avoidance of doubt, Licensor also grants to Licensee and its subsidiaries and affiliates a non-exclusive, worldwide royalty-free license for continued use of the Licensed Mark for the production and sale of inventory containing the Licensed Mark applied to such products during the Transition Period as set forth in section 8.2 of the Separation and Distribution Agreement and in Schedule 2 of this Agreement.",Affiliate License-Licensor,high,Medium,False
"(If exclusive agreement, add ""Developer expressly acknowledges that the exclusive rights granted herein apply only to the right to develop new restaurants in the Territory, and no exclusive territory or radius protection for the term of any Franchise Agreement is granted herein and any such protection shall be set forth in the particular Franchise Agreement to be signed."")",Exclusivity,high,Medium,False
"Such option shall be exercisable during a period (the           ""Option Period"") commencing on and including the earlier of (i) the           date upon which Licensee shall have paid to Licensor, in any single           fiscal year of Licensee, royalty payments hereunder in the aggregate           amount of $10,000,000 or (ii) January 1, 2002, and ending upon the           expiration or sooner termination of this Agreement.",Rofr/Rofo/Rofn,high,Medium,False
"after Nantz Communications has received notice of such merger or consolidation if and only if, by virtue of such merger or consolidation Nantz Communications or Nantz would be in default under or violating any provisions of any agreement to which he or it is subject entered into prior to June 1, 1994.",Change Of Control,high,Medium,False
"During the term of this Agreement, XENCOR hereby grants to BII and BII hereby accepts for the purpose of pursuing the Project a non-exclusive, non-sub-licensable (except to Affiliated Companies), royalty-free, license to use the XENCOR Confidential Information and Know-How, the Material, the XENCOR Intellectual Property and/or any part of the Other Improvements for the sole purpose to develop the Process, and for the manufacturing of the Product for clinical purposes in accordance with this Agreement.",Non-Transferable License,high,Medium,False
"Neither the Company nor any of its Affiliates shall in any manner, directly or indirectly, in any capacity or manner, make or cause to be made, or in any way encourage any other person to make or cause to be made, any public statement or public announcement, including in any document or report filed with or furnished to the SEC or through the press, media, analysts or other persons, that constitutes an ad hominem attack on or otherwise disparages, defames or slanders the Farids Group or any of its Affiliates or any of their respective successors or current or former members, partners, officers, directors or employees (it being understood and agreed that the restrictions in this Section 8.8(a) shall not apply to any member of the Board of Directors based upon discussions solely among other members of the Board of Directors and/or management of the Company); provided, that the limitations set forth in this Section 8.8(a) shall not prevent the Company or any of its Affiliates from (i) responding to any public statement or announcement made by the Farids Group or any of its Affiliates that was made in breach of Section 8.8(b) below or (ii) if solicited by a Third Party, making objective statements that reflect the Company's view with respect to factual matters concerning specific acts or determinations of the Farids Group or any of its Affiliates (or their respective current or former representatives) occurring after the date hereof.",Non-Disparagement,high,Medium,False
"This Agreement can be terminated at any time prior to the expiry of the Term, as follows:",Change Of Control,high,Medium,False
"In case of termination of the Agreement, NLS and Eurofarma shall immediately work on a transition out plan, with activities and timelines agreed by the Parties to ensure a proper handover of the Licensed Product so that its market position and the obligations to prescribers, patients and regulatory authorities are fulfilled in accordance with Eurofarma best practices.",Post-Termination Services,high,Medium,False
"EXCEPT FOR LIABILITY         ARISING UNDER SECTION 8 OF THIS AGREEMENT, IN NO EVENT SHALL EITHER         PARTY HAVE ANY LIABILITY TO THE OTHER PARTY FOR ANY LOST PROFITS OR         COSTS OF PROCUREMENT OF SUBSTITUTE GOODS OR SERVICES, OR FOR ANY         INDIRECT, SPECIAL OR CONSEQUENTIAL DAMAGES HOWEVER CAUSED AND UNDER ANY         THEORY OF LIABILITY AND WHETHER OR NOT SUCH PARTY HAS BEEN ADVISED OF         THE POSSIBILITY OF SUCH DAMAGE.",Cap On Liability,high,High,True
"Except as otherwise expressly provided under this Agreement, neither Party may assign or otherwise transfer this Agreement or any right or obligation hereunder (whether voluntarily, by operation of law or otherwise), without the prior express written consent of the other Party; except however, that either Party shall be permitted to effect such an assignment or transfer without the consent of the other Party to (a) any of its Affiliates or (b) in connection with a sale of all or substantially all of its assets to which this Agreement relates, whether by merger, acquisition, asset sale, stock purchase, or otherwise, but in any event subject to Bioeq's ability to terminate this Agreement in accordance with Section 15.2.9 (for the avoidance of doubt, such termination right pursuant to Section 15.2.9 shall apply mutatis mutandis in case of assignment of the Agreement to a Competitor in all cases listed under subsection (b) above)",Anti-Assignment,high,Medium,False
"In the event that this Agreement is terminated by PPI in accordance with Section 16.1 or EKR in accordance with Section 16.3(b), EKR and its Affiliates, sub-distributors and sub-licensees shall be entitled to continue to sell",Post-Termination Services,high,Medium,False
"[***] hereby grants to  [***] a non-exclusive, non-transferable (except in connection with a permitted assignment, sublicense or subcontract) ""right of reference"" (as defined in 21 CFR 314.3(b)) with respect to [***] clinical trial data (including  [***]), information (including the  [***], as applicable) and results related to  [***], solely as necessary for [***] to prepare, submit and maintain regulatory submissions related to [***] and Regulatory Approvals for [***].",Non-Transferable License,high,Medium,False
"If we terminate this Agreement based on your default, or if you abandon or otherwise cease to operate the Franchised Business, in addition to all other amounts due to us under this Agreement, you agree to pay to us, as liquidated damages, an amount calculated as follows: (a) the average of your monthly Royalty Fees that are due under this Agreement for the twelve (12) months immediately before your abandonment or our delivery of the notice of default (or, if you have been operating for less than 12 months, the average of your monthly Royalty Fees for the number of months you have operated the Franchised Business); (b) multiplied by the lesser of 36 or the number of months remaining in the then-current term of this Agreement under Section 2.",Liquidated Damages,high,Medium,False
"Each party shall have the right to assign its rights,",Anti-Assignment,high,Medium,False
Subject to Clause 11.6. SEV will indemnify and keep DCL indemnified in full against all Liabilities arising directly or indirectly  in connection with:     11.5.1 any Employment Costs arising in relation to the Contracted Period in relation to the Employees;,Cap On Liability,high,Medium,False
Any attempted  assignment in violation of this section shall be void.,Anti-Assignment,high,Medium,False
Telnet's sole and exclusive remedies concerning Galaxy's performance or non-performance in any matter related to this Agreement or the provisioning of the Services or Products are limited to those expressly stated in this Agreement.,Cap On Liability,high,Medium,False
"For the avoidance of doubt, this restricted annual audit shall not apply to for-cause audits, which may be conducted at any time.",Audit Rights,high,Medium,False
"Except as otherwise provided in this Agreement, including under Section 7.1, neither this Agreement nor any of the rights, interests or obligations of any Party under this Agreement shall be assigned, in whole or in part, by operation of law or otherwise, by either Party without the prior written consent of the other Party; provided, however, that (a) either Party may assign any of the foregoing in connection with the sale or other transfer of the applicable business or assets of such Party or its Affiliates to which this Agreement relates (except that neither of the Buyer Entities may assign any such rights, interests or obligations with respect to the Arizona Licensed Trademarks); (b) Arizona may assign any of the foregoing to one or more of its Affiliates and (c) the Company and Buyer may assign any of the foregoing to one or more of its Subsidiaries, controlled Affiliates, AWP, or any holding company that is a direct or indirect parent of the Company; provided that in each case (b) and (c), no assignment shall relieve the assigning Party of any of its obligations under this Agreement unless agreed to by the non-assigning Party. Any assignment or other disposition in violation of the preceding sentence shall be void.",Anti-Assignment,high,Medium,False
This Agreement may not be assigned by either party            ---------- without the prior written consent of the other party.,Anti-Assignment,high,Medium,False
This Agreement will also terminate automatically in the event of its assignment (as defined in the 1940 Act).,Anti-Assignment,high,Medium,False
"Unless earlier terminated in accordance with the terms of this Article XVI, this IP Agreement and the licenses granted herein will continue in effect from the Effective Date until the expiration of the last to expire of the Patents and any additional period of time thereafter that any of the Patents remain enforceable such as in the United States where a party can sue for infringement after a patent expires and seek damages for any infringement of the patent during the six years immediately preceding the filing of a suit for infringement.",Expiration Date,high,Medium,False
"Pursuant to the DA, and subject to its terms, ARGO agreed to appoint YEC as the exclusive distributor of its products in the Territory specified therein, and YEC agreed to market and distribute Argo's products in a professional manner",Exclusivity,high,Medium,False
17.1.3. Induce any person to leave his or her employment with us.,No-Solicit Of Employees,high,Medium,False
"ANY THEORY OF LIABILITY (WHETHER IN CONTRACT, TORT (INCLUDING NEGLIGENCE), STRICT LIABILITY OR OTHERWISE). THE LIMITATIONS SET FORTH IN THIS SECTION WILL APPLY EVEN IF A PARTY HAS BEEN ADVISED OF THE POSSIBILITY OF SUCH DAMAGES, AND NOTWITHSTANDING ANY FAILURE OF ESSENTIAL PURPOSE OF ANY LIMITED REMEDY.",Uncapped Liability,high,High,True
"Notwithstanding anything herein to the contrary, Network Affiliate shall not be  prohibited from: (i) promoting the grand opening of a Theatre or an Excluded Theatre, provided such promotional activity (x) may occur only for  the thirty (30) day period immediately preceding the opening of the theatre to the general public through the thirty (30) day period immediately  following the opening of the theatre to the general public, and (y) includes local advertising of such opening in exchange for the advertising of  local businesses only, provided any on-screen advertising related thereto shall be subject to availability of on-screen Inventory and limited to one  (1) advertisement thirty (30) seconds in length; and (ii) allowing advertising for the supplier of Network Affiliate employee uniforms to appear on  such uniforms, provided that not more than two individual instances of such advertising ,may appear on any such uniform at any one time.",Volume Restriction,high,Medium,False
"Neither this Agreement nor any rights or obligations hereunder shall be assignable by a Party without the prior written consent of the other Party, provided that either Party shall have the right, on notice to but without the other Party's consent, to assign this Agreement and its rights and obligations contained herein, to an affiliate or to a third party who is not a competitor of the other Party in connection with a sale of all or substantially all of the assigning Party's business or assets relating to this Agreement.",Anti-Assignment,high,Medium,False
"obligations of the Remarketing Agents may be terminated by them by notice given to the Company prior to 12:00 noon, New York City time on the Remarketing Settlement Date if, prior to that time, any of the applicable conditions precedent to the obligations of the Remarketing Agents described in Section 5 hereof shall have failed to occur.",Expiration Date,high,Medium,False
"However, the Company will have the right to dispose of its inventory of Products existing at the time of termination or expiration of this Agreement and the right to use the name, likeness, image and personal identification of the Professional in connection with the disposition of such inventory.",Post-Termination Services,high,Medium,False
"The Joint Venture shall commence on the 1st of      March, 2003, and shall be effective until February 28, 2004 unless extended      by written agreement of the Joint Venturers not less than thirty (30) days      prior to scheduled termination.",Expiration Date,high,Medium,False
"Without limiting the foregoing, Distributor will have the exclusive right and responsibility in the Field in the Territory for the following:

(i) designing the Commercialization strategy and tactics for the Product, subject to JSC approval of the Commercialization Plan;

(ii) undertaking all promotional activities for the Product;",Exclusivity,high,Medium,False
"Except as otherwise provided in this Section 17.5, neither Party shall assign this Agreement or any rights, benefits or obligations under or relating to this Agreement, in each case whether by operation of law or otherwise, without the other Party's prior written consent (not to be unreasonably withheld, conditioned or delayed).",Anti-Assignment,high,Medium,False
"Company shall not, during the period of this Agreement, or any time thereafter, challenge Association's exclusive ownership or registration of Association's Marks, including any and all moral rights.",Covenant Not To Sue,high,Medium,False
"and provided, further, however, that in no event shall the liability for indemnity of any SMBC Unit-Holder under this Section 13.9(b) exceed the dollar amount of the proceeds (net of any underwriting discount or commission or other selling expenses) received by such SMBC Unit-Holder from the sale of the Registrable Securities giving rise to such indemnification.",Cap On Liability,high,Medium,False
"On termination of the provision of the Services by                     HealthGate to the Publishers for whatever reason, HealthGate                     shall at the Publishers' option:

                          (i) grant to the Publishers a non-exclusive                     non-transferable licence to use the Proprietary Software for                     the purposes of using, developing, enhancing and maintaining                     the Site and carrying out any or all of the activities                     previously carried out by HealthGate or on its behalf under                     this Agreement

                          (ii) exercise best endeavours to grant to the                     Publishers a non-exclusive non-transferable licence to use                     the Third Party Software for the Site when and to the extent                     requested by the Publishers.",License Grant,high,Medium,False
University hereby grants to ArTara an exclusive Right of Reference to all Program Regulatory Filings by University in support of the Product.,Exclusivity,high,Medium,False
"IGER hereby grants CERES under IGER'S interest in any JOINT INTELLECTUAL PROPERTY and OTHER RESEARCH RESULTS, the IGER  INTELLECTUAL PROPERTY set forth in ANNEX I, and the IGER BACKGROUND INTELLECTUAL PROPERTY set forth in ANNEX I:

  (a)   the exclusive right and license to produce COMMERCIAL PROPAGULES of the LICENSED VARIETY in the TERRITORY, including  intermediate propagation material; and",Exclusivity,high,Medium,False
"Notwithstanding anything to the contrary in Attachments A, G or H, in connection with any Change in Circumstances (as defined below), and without limiting Seller's/ExxonMobil Selling Affiliate's other rights under this Agreement or applicable law, Seller/ExxonMobil Selling Affiliates shall have the right: (i) only if required to enable Seller/ExxonMobil Selling Affiliate to comply with applicable laws and regulations, to terminate this Agreement and accelerate all amounts due from Buyer hereunder, making them immediately payable (ii) to modify the payment terms hereunder; and/or (iii) to require that Buyer/Buyer Affiliates pay in advance for shipments hereunder.",Change Of Control,high,Medium,False
The following acts constitute Class D breaches.,Non-Compete,high,Medium,False
Network  1  shall  have the exclusive right of first refusal to purchase all  or  any part of the revenue due Affiliate or acquire Affiliate (as the case may  be)  on the same terms and conditions as the Bona Fide Offer.,Rofr/Rofo/Rofn,high,Medium,False
"VerticalNet hereby grants Neoforma an exclusive license, even as to",Exclusivity,high,Medium,False
"Dynamic Hearing's aggregate liability to IntriCon for direct loss and damages and all other liability not described herein  arising in connection with this Agreement whether in negligence, tort, equity, contract or otherwise, is limited to  payment of damages recoverable at law or equity up to a maximum of (and, for the sake of clarity must not exceed) $5m;",Cap On Liability,high,Medium,False
"Subject to Section 2.4  [APPROVAL OF TRADEMARK USAGE], Sponsor hereby grants Snap a non-exclusive, revocable nontransferable, royalty-free, worldwide license to: (a) use, reproduce, publish, perform and display the Sponsor Marks and Sponsor Brand Features on the Co-Branded Pages; (b) link to the Sponsor Web Site from the Co-Branded Pages and/or the Snap Web Site that contains the Co-Branded Pages and (c) use, reproduce, publish, perform, and display the",License Grant,high,Medium,False
"Upon expiration of this Agreement, the licenses granted to Ono under Section 2.1 shall become non-exclusive, fully paid- up, irrevocable, perpetual, royalty free licenses, with sublicensing rights, to Develop, Manufacture, and/or Commercialize the Products in the Ono Territory.",License Grant,high,Medium,False
"Subject to the terms and conditions of this Agreement, SpinCo hereby grants to each individual member of the Parent Group, on behalf of itself and the other members of the SpinCo Group, and shall cause the other members of the SpinCo Group to grant to each individual member of the Parent Group, a non-exclusive, worldwide, perpetual, irrevocable, fully paid-up, royalty-free right and license, for use in the Parent Field, to (i) use, reproduce, distribute, display, perform, make Improvements and exploit the Licensed SpinCo IP, and (ii) make, have made, use, sell, offer to sell and import any goods and services incorporating, embodying or utilizing the Licensed SpinCo IP.",License Grant,high,Medium,False
for any reason on at least ninety (90) days written notice to the other party.,Termination For Convenience,high,Medium,False
EXCLUSIVE DISTRIBUTOR AGREEMENT,Document Name,high,Medium,False
"Commercial General Liability Insurance. Occurrence based coverage with a combined single limit of at least $10,000,000 per occurrence and in the aggregate for premises and operations; products and completed operations; contractual liability coverage for indemnities of a Party contained within this Agreement; broad form property damage (including completed operations); explosion, collapse and underground hazards; and personal injury. Requires additional insured endorsement and waiver of subrogation endorsement.",Insurance,high,Medium,False
"uch fee shall be paid after only the first to occur of either a Liquidation Event or an Initial Public Offering. The respective fees, when and if payable, shall be paid upon closing; except that if there are additional contingent amounts (""Trailing Consideration"") payable upon the occurrence of subsequent events, then the Trailing Consideration shall be due and payable to JHU within thirty (30) days after receipt thereof by COMPANY.",Change Of Control,high,Medium,False
"The Agent hereby grants to Monsanto, during the term of this Agreement, a non-exclusive, royalty-free, non- transferable and non-assignable license (without the right to",License Grant,high,Medium,False
"Except pursuant to Section 16.9 or in connection with the use of Third Party Sales Representatives, King shall not assign, subcontract or otherwise transfer or delegate any of its rights or obligations under this Agreement without the express written consent of Depomed, which consent may be withheld by Depomed in its sole discretion.",Anti-Assignment,high,Medium,False
"The Distributor shall not sub-license, transfer or otherwise deal with the rights of use of the Trade Marks granted under this agreement.",Anti-Assignment,high,Medium,False
"Customer may elect to terminate this Agreement for any reason upon six months written notice to Metavante, provided Customer shall pay Metavante the ""Termination Fee"" defined and computed in accordance with the table below.",Termination For Convenience,high,Medium,False
"American International Group, Inc.",Parties,low,Low,True
"Any marketing  exclusivity set forth in the Agreement Summary shall not preclude or prevent (a) signage, advertising and promotional arrangements made by the Office of the Commissioner of Baseball with respect to nationally-televised games, All-Star Games, World Baseball Classic games, playoff games and World Series games, (b) licensing arrangements made by Major League Baseball Properties, Inc. with respect to such category, (c) advertising with respect to such category in game programs, yearbooks, scorecards and similar publications which are sold on the day of an event other than Padres home games, (d) the display before, during and after an event of displays, temporary in nature, erected by an event sponsor, promoter, broadcaster or participant, even though such display may constitute advertising with respect to such category, (e) promotional messages displayed on a scoreboard or video board which give the name of the sponsor of Ballpark day-of-event promotions at events other than Padres home games or promote sale of event-day programs (including identifying program sponsors), even though such messages may identify companies in such category and (f) promotional messages displayed on a scoreboard or video board that recognize groups in attendance and make similar incidental references, even though such messages may identify companies in such category.",Competitive Restriction Exception,low,Medium,False
Energis Communications Limited,Parties,low,Low,True
This Agreement and the performance of,Governing Law,low,Medium,False
"Premier Nutrition Company, LLC",Parties,low,Low,True
"The Services Term of this Agreement shall be automatically renewed for successive two-year terms thereafter unless written notice is given by either party to the other, indicating that party's intention not to renew the Services Term of this Agreement, at least ninety (90) days prior to the end of the initial Services Term or any renewed Services Term.",Renewal Term,low,Medium,False
"The ""Initial Term"" shall commence upon the Effective Date and shall expire on March 31, 2011.",Expiration Date,low,Low,True
"THAYER EQUITY INVESTORS IV, L.P.",Parties,low,Low,True
"MEZZANINE PARTNERS - OFFSHORE INVESTMENT MASTER FUND II, L.P.",Parties,low,Medium,False
"HPS MEZZANINE PARTNERS II OFFSHORE GP, L.P.",Parties,low,Medium,False
EFFECTIVE DATE     means 18 May 2000;,Effective Date,low,Low,True
"This Agreement, the legal relations between the parties, and any action, whether contractual or non-contractual, instituted by any party with respect to matters arising under or growing out of or in connection with or in respect of this Agreement shall be governed by and construed in accordance with the internal laws of the State of Arizona (U.S.A.), excluding any choice of law rules that may direct the application of the laws of another jurisdiction, and except that questions affecting the construction and effect of any Patent shall be determined by the law of the country in which the Patent has been granted.",Governing Law,low,Medium,False
TECHNOLOGY OUTSOURCING AGREEMENT,Document Name,low,Medium,False
"Effective Dates: September 1, 2006, August 31, 2007",Effective Date,low,Low,True
Collaborative Development and Commercialization Agreement,Document Name,low,Medium,False
"""Arizona Licensed Patents"" means the Patents set forth on Schedule 1.1(l) and all other Patents owned by Licensing or Seller or their respective Affiliates as of the Effective Date and used or held for use in the Company Field during the five (5) years prior to the Effective Date (other than the Arizona Assigned Patents).",Affiliate License-Licensor,low,Medium,False
The license granted to the Licensee under this Agreement shall continue perpetually,Expiration Date,low,High,False
"Columbia Laboratories, (Bermuda) Ltd.",Parties,low,Medium,False
"HOFV and/or PFHOF, on the one hand, and Constellation, on the other hand, are referred to herein as a ""Party"" and, collectively, as the ""Parties"".",Parties,low,Low,True
"The parties' rights and obligations hereunder shall be construed and enforced under the laws of the State of Texas, U.S.A., without regard to conflict of laws principles. Incoterms 2010 (or any subsequent revision thereof) (""Incoterms"") shall also apply; provided, however, that Incoterms shall apply only to the extent specified in the agreement hereof, and provided, further, that in the event of a conflict between Incoterms and the laws of the State of Texas, U.S.A., the latter shall govern.",Governing Law,low,Medium,False
"D-Beta One Growth and Opportunity Fund Offshore, LP",Parties,low,Medium,False
"(each a ""Party"" and together the ""Parties"").",Parties,low,Low,True
Princor Financial Services Corporation,Parties,low,Low,True
"individually and collectively the Joint Venture Participants ""JVP""",Parties,low,Medium,False
"Shipper and Transporter may be referred to herein individually as a ""Party"" or collectively as the ""Parties"".",Parties,low,Low,True
"This Agreement shall be governed by and construed under the laws of the State of California, excluding conflict of laws provisions and excluding the 1980 United Nations Convention on Contracts for the International Sale of Goods.",Governing Law,low,Medium,False
"This Agreement shall be governed and construed in accordance with the laws of the State of Delaware, without reference to the conflicts of laws principles thereunder.",Governing Law,low,Low,True
This Agreement is governed by the laws of England and Wales.,Governing Law,low,Low,True
"HARVEST SMALL CAP PARTNERS, L.P.",Parties,low,Low,True
"Subject to the terms and conditions of this Agreement, during the Term, Ginkgo hereby grants and shall grant to BLI:

9.2.1 a [***] and this Section 9.2 (Grants to BLI)), [***] license in, to and under any Intellectual Property (a) Controlled by Ginkgo, (b) used by Ginkgo in the conduct of a Workflow Development Plan and (c) necessary for BLI to perform its obligations under this Agreement ((a)-(c) collectively, ""Ginkgo Licensed IP""), solely to perform BLI's obligations under such Workflow Development Plan; and",License Grant,low,Medium,False
"(c) the licenses granted to Ginkgo from BLI in Section 9.1.1 (Scope of Grants) and 9.1.2 (License Grant to Exploit [***]) shall survive and become perpetual, irrevocable and, subject to clause (f) of this Section 13.3.2, royalty-free;",Irrevocable Or Perpetual License,low,Medium,False
"For the avoidance of doubt, that certain logo designed by Athlete prior to the date hereof (the ""Logo"") shall remain the sole property of Wade and Naked shall have license during the Term to use the Logo for the advertising, endorsement, promotion, or sale of the Naked Products (including the Wade Products) in the Territory in accordance with the terms and conditions of the Agreement",License Grant,low,Medium,False
"SutroVax and Sutro may be referred to herein by name or individually, as a ""Party"" and collectively, as the ""Parties.""",Parties,low,Low,True
"""Zebra"" and the ""Distributor"" are referred to collectively as 'Parties"" and individually as a ""Party"".",Parties,low,Low,True
"This Agreement shall be governed by, construed and interpreted in accordance with the laws of the State of New York, without regard to principles of conflicts of law.",Governing Law,low,Low,True
"This Agreement shall be deemed to have been entered into in the State of New Jersey, and shall be construed and interpreted in accordance with the laws of that State applicable to agreements made and to be performed in the State of New Jersey.",Governing Law,low,Medium,False
"This Agreement shall be for the term of one year; thereafter, the Agreement shall renew automatically under these same  terms and agreements unless superceded by future agreements.",Expiration Date,low,Medium,False
"This Agreement shall be governed by and construed in accordance with the laws of the Arizona, without regard to the conflict of laws provisions thereof.",Governing Law,low,Low,True
"""Offtake Agreement"" means that certain Crude Oil Sale and Purchase Agreement between the Principal and STASCO dated 1 November 1999.",Expiration Date,low,Low,True
This Amendment shall be governed by and construed under the law governing the Distributor Agreement.,Governing Law,low,Low,True
TURN - KEY MANUFACTURING AGREEMENT,Document Name,low,Medium,False
"This Agreement shall be in full force and effect commencing on January 2, 2020 and shall remain in effect for one (1) year or until Consultant completes the services requested",Expiration Date,low,Medium,False
"ESPACIO INFORMATION TECHNOLOGY, SA.",Parties,low,Low,True
"This Agreement shall be governed by and construed in accordance with the laws of the State of Nevada, USA in force therein without regard to its conflict of law rules.",Governing Law,low,Low,True
Emerald Health Nutraceuticals Inc.,Parties,low,Low,True
"Concert Global Network Services, Ltd.",Parties,low,Low,True
"each a Party and, together, the Parties.",Parties,low,Low,True
"Legacy Education Alliance Holdings, Inc.",Parties,low,Low,True
This Agreement shall be effective as of the date set forth above in this Agreement.,Effective Date,low,Low,True
Associated Natural Gas Company,Parties,low,Low,True
"THIS SPONSORSHIP AGREEMENT (""Agreement"") is entered into and effective as of the date first written above (""Effective Date"") by  and among PEEK Investments LLC, a Delaware limited liability company (""Purchaser""), and each other party hereto identified on the signature  page(s) hereto (each, a ""Sponsor"").",Effective Date,low,Low,True
"With respect to any Indemnified Party who is not a party to this Agreement, the Agents shall obtain and hold the rights and benefits of this Section 11 in trust for and on behalf of such Indemnified Party.",Third Party Beneficiary,low,Medium,False
"doing business as Network Associates, Inc.,",Parties,low,Low,True
"Marathon Partners Equity Management, LLC",Parties,low,Low,True
"ScanSource Latin America, Inc.",Parties,low,Low,True
NVOS and HGF may renew the Agreement within two (2) years of the expiry of the initial term upon mutual understanding.,Renewal Term,low,Medium,False
Tribute Pharmaceuticals Canada Inc,Parties,low,Low,True
"""Rio Royal"", and together with MG Capital and Percy Rockdale, the ""MG Capital Parties""",Parties,low,Medium,False
"the company set forth below (""Company"") (each, individually, a ""party"" and collectively, ""parties""):",Parties,low,Medium,False
The grant of each license hereunder includes the right to grant sublicenses to Related Companies for so long as it remains a Related Companies,Affiliate License-Licensee,low,Medium,False
STARTEC GLOBAL COMMUNICATIONS CORPORATION,Parties,low,Low,True
AMENDMENT NO. 2 TO MANUFACTURING AND SUPPLY AGREEMENT,Document Name,low,Medium,False
"THIS AGREEMENT SHALL BE GOVERNED IN ALL RESPECTS, INCLUDING WITHOUT LIMITATION VALIDITY, INTERPRETATION AND EFFECT, BY THE LAWS OF THE STATE OF DELAWARE APPLICABLE TO CONTRACTS EXECUTED AND TO BE PERFORMED WHOLLY WITHIN SUCH STATE WITHOUT GIVING EFFECT TO THE CHOICE OF LAW PRINCIPLES OF SUCH STATE.",Governing Law,low,Medium,False
Layer 2 Communications Group Ltd.,Parties,low,Low,True
"National Football League Alumni, Inc",Parties,low,Medium,False
"During the term hereof and for a period of five (5) years thereafter, each Party agrees not to, either directly or indirectly, for itself or on behalf of any other person, firm, partnership, corporation or other entity hire, solicit, contract for, attempt to solicit, or cause to be solicited, the employment or services of any current or previous employee of the other Party (unless a period of sixty months has elapsed from the last date that such employee was employed by such party) without the prior written consent of such other Party.",Competitive Restriction Exception,low,Medium,False
"The Company shall pay HDI thirty percent (3016) of the Net Sales in excess of Eleven Thousand Dollars ($11,000) per calendar month.",Revenue/Profit Sharing,medium,Medium,True
"Any and all claims and actions arising out of or relating to this Agreement, the relationship of you and us, or your operation of the Franchised Business, brought by any party hereto against the other, shall be commenced within two (2) years from the occurrence of the facts giving rise to such claim or action, or such claim or action shall be barred.",Cap On Liability,medium,Medium,True
The Warranty Period for the Licensed Software shall mean the period          commencing on the Effective Date and ending ninety (90) days          thereafter.,Cap On Liability,medium,Low,False
"PB shall (a) provide SFJ with quarterly unaudited financial statements and annual audited financial statements (the ""PB Financial Statements"") promptly following the availability thereof (and no later than the date filed with the SEC) and provide to SFJ on a quarterly basis concurrently with the applicable PB Financial Statements [***], (b) promptly notify SFJ of achieving the Successful Phase 3 Interim Analysis and the Phase 3 Success Criteria, and (c) on or prior to the end of each [***] during the Term [***].",Audit Rights,medium,Medium,True
"Glamis covenants and agrees with Western Copper that if at any time it intends to dispose of a Designated Mineral Property for cash consideration or by abandonment, it will give  Western Copper notice (the ' Disposition Notice"") of the intended disposition.",Rofr/Rofo/Rofn,medium,Medium,True
"within ninety (90) days of receipt of the Product Offer to accept the New Product, then such New Product shall be, without further action or amendment, included within the definition of Roundup Products and be subject to the terms and conditions of this Agreement.",Rofr/Rofo/Rofn,medium,Medium,True
"Nexstar shall maintain replacement cost casualty and liability insurance and property insurance on all of its assets and properties used and useful in the operation of WMBD-TV, general liability insurance, workers compensation insurance, and broadcast liability insurance, all in such amounts and on such terms and conditions that are ordinary and customary in the broadcast industry and that are reasonably acceptable to WYZZ.",Insurance,medium,Medium,True
"Any CDV, SGV, MGV or LGV, reported monthly by SEV as described in Clause 2.7.3 and operating in excess of 25,000 miles per annum  shall be subject to an Additional Charge, calculated on a pro-rata basis, levied annually on the first day of each DCL Financial  Year",Volume Restriction,medium,Medium,True
"Professional indemnity insurance providing coverage for loss or damage arising out of an act or omission of the franchisee or its employees, minimum of $1,000,000 of coverage for every $5,000,000 of annual written premium by you with a floor of $1,000,000 of coverage and a maximum deductible of $25,000 allowed.",Insurance,medium,Medium,True
"To the extent that title to any of the Incorporated Technology Works may not, by operation of law, vest in On2 or such works may not be considered works made for hire, Wildform hereby irrevocably assigns to On2 all rights, title and interest in and to such works",Ip Ownership Assignment,medium,Medium,True
"SpinCo hereby covenants not to sue RemainCo under any Licensed SpinCo Know-How and under SpinCo's right, title and interest in and to Shared Library Materials and Foundational Software, including, without limitation, all applicable Patents, Copyrights, and Know-How, for infringement or misappropriation based upon any action that occurs in connection with the continued operation of the RemainCo Business and any future extensions of the RemainCo Business in any field other than the SpinCo Core Field after the Distribution Date",Covenant Not To Sue,medium,Medium,True
VerticalNet shall give reasonable advance notice to LeadersOnline of such audit and each audit shall be conducted in a manner that does not cause unreasonable disruption to the conduct of business by LeadersOnline.,Audit Rights,medium,Medium,True
"Dexcel's responsibility for Product supplied by it to Kitov failing to meet the Specifications shall be limited to the replacement of the Product or the refund of the Supply Price paid by Kitov for such order, as agreed by the parties, except as otherwise provided under this Agreement.",Cap On Liability,medium,Medium,True
FMI and Roche shall jointly own all Joint Inventions.,Joint Ip Ownership,medium,Medium,True
"The parties acknowledge that the development and fulfillment of such new Products may require substantial time and effort by the T&B Personality to fulfill such new Products such that the Marketing Royalty payable pursuant to V. B., above, is inadequate to compensate T&B Personality; therefore, in lieu of any other royalty, the parties shall share Cash Sales from the sale of such new Products as follows: [●%] to LEA [●%] to T&B",Revenue/Profit Sharing,medium,Medium,True
"The percentage of the respective Advertising Cost Compensation shall be stipulated by the Software Publisher, but shall not exceed 50% of the effective gross sales price of the software.",Revenue/Profit Sharing,medium,Medium,True
"The fee shall be equal to 5.2% of the ""gross proceeds"" received in the Offering attributable to the efforts of the Agent.",Revenue/Profit Sharing,medium,Medium,True
. Distributor shall not grant this privilege to any third party or to any affiliates without Company's prior written consent.,Non-Transferable License,medium,Medium,True
"Subject to the provisions of subparagraph 2.6(b) below, and if you have substantially complied with all provisions of this Agreement and all other agreements between us, on expiration of the Initial Term, if you refurbish and decorate the Premises, replace fixtures, furnishings, wall decor, furniture, equipment, and signs and otherwise modify the Franchise in compliance with specifications and standards then applicable under new or renewal franchises for The Joint Corp. Location franchises, you will have the right to renew the Franchise for one (1) additional term of ten (10) years (the ""Renewal Term"").",Renewal Term,medium,Medium,True
"Neoforma shall not place any Link on a Neoforma Site to, or a Neoforma Link on the Site of, any other provider or host of a service similar to the Co-Branded Training and Education Center or to any other training or education service websites.",Exclusivity,medium,Medium,True
IN NO EVENT SHALL A PARTY'S LIABILITY IN RELATION TO SERVICES PROVIDED UNDER THIS AGREEMENT EXCEED THE FEES PAID TO IT UNDER THIS AGREEMENT FOR THE SPECIFIC SERVICE THAT RESULTED IN THE LOSS.,Cap On Liability,medium,Medium,True
"Unless otherwise required by a particular Sponsor, PPD shall not refer that opportunity to any other third party provider unless VS declines to bid on such opportunity or does not offer the service in question.",Rofr/Rofo/Rofn,medium,Medium,True
"During such two-year period, and upon reasonable notice to the Billing Party, the Non-Billing Party shall have the right to have an audit conducted through a licensed independent accounting firm, of any billings, collections, and taxes on such itemized statement, and to examine the records and books of account of the Billing Party in connection therewith.",Audit Rights,medium,Medium,True
KI will participate in the production of up to one (1) product information/sales video per License Year during the period of this Agreement on behalf of Diplomat at a mutually acceptable time and place.,Volume Restriction,medium,Low,False
"Within ninety (90) days after the close of each fiscal year and at any time on request,  the  Franchisee  shall submit a full disclosure of all  shareholders in the Franchisee,  and of all persons with an interest in the Franchised  Restaurant.",Audit Rights,medium,Medium,True
"The Servicer shall maintain appropriate books of account and records relating to services performed hereunder, which books of account and records shall be accessible for inspection by the Owner at any time during normal business hours.",Audit Rights,medium,Medium,True
"On the third Business Day immediately preceding the Remarketing Settlement Date (the ""Remarketing Date""), the Remarketing Agent shall use  its commercially reasonable efforts to remarket the Remarketing Securities, at a price at least equal to:

(i) 100% of the aggregate Accreted Value thereof as of the end of the day on the day next preceding the Remarketing Settlement Date; or

(ii) on the Maturity Remarketing Date, 100% of the stated liquidation amount of the Preferred Securities or the principal amount at maturity of  the Debentures, as the case may be.",Minimum Commitment,medium,Medium,True
"Either Party shall have the right to request the other to provide,        through an auditor agreed to by the Parties, validation of the        information and data referred to herein.",Audit Rights,medium,Medium,True
Such audits may be on a rotating site basis where operations and procedures of Supplier services provided to Bank of America are in multiple locations in order to confirm that Supplier is in compliance in all aspects of the Agreement Supplier shall provide Bank of America with a copy of each report prepared in connection with each such audit within thirty (30) calendar days after it receives such report.,Audit Rights,medium,Medium,True
"Transactional Data, when available, shall be jointly owned by                the parties, except in those cases where Application Provider's                contractual agreement(s) with its merchant partner(s) prevent                the sharing of said Transactional Data with third parties.",Joint Ip Ownership,medium,Medium,True
"Except for the transfer and assignment under this Agreement, the Depositor will not transfer or assign any Depositor Transferred Property to another Person or Grant or allow a Lien, other than a Permitted Lien, on an interest in any Depositor Transferred Property.",Non-Transferable License,medium,Medium,True
Access to such TSA Records shall be exercised by a Party and its Affiliates and their authorized representatives in a manner that shall not interfere unreasonably with the normal operations of the Party maintaining the TSA Records.,Audit Rights,medium,Medium,True
"(ii) DISTRIBUTOR, or any principal owner of DISTRIBUTOR, is convicted          of a crime which, in PPG SHANGHAI's reasonable judgment, may adversely          affect the goodwill or interest of DISTRIBUTOR or of PPG SHANGHAI;",Non-Disparagement,medium,Medium,True
Customer may exercise its inspection rights under this Section 5.3(d) upon receipt of any information that would suggest to a reasonable Person that Manufacturer is not fulfilling its obligations under this Section 5.3.,Audit Rights,medium,Medium,True
"If Lucid accepts Distributor's order and fails to deliver ordered products,  Distributors sole remedy will be limited to refund of money paid to Lucid for any undelivered products.",Cap On Liability,medium,Medium,True
You agree not to open the Franchise for business until:,Insurance,medium,Medium,True
"WYZZ shall maintain replacement cost casualty and liability insurance and property insurance on all of its assets and properties used and useful in the operation of WYZZ-TV, general liability insurance and workers compensation insurance in such amounts and on such terms and conditions that are ordinary and customary in the broadcast industry and that are reasonably acceptable to Nexstar.",Insurance,medium,Medium,True
"Each Significant Subsidiary that is required to be organized or licensed as an insurance company in its jurisdiction of incorporation (each, an ""Insurance Subsidiary"" and collectively, the ""Insurance Subsidiaries"") is licensed",Insurance,medium,Medium,True
"Unless otherwise agreed to in advance, no appearance shall exceed a total of two (2) hours in duration.",Volume Restriction,medium,Medium,True
"To determine whether you and the Franchise are complying with this Agreement and the specifications, standards, and operating procedures we prescribe for the operation of the Franchise, we or our agents have the right, at any reasonable time and without advance notice to you, to: (1) inspect the Premises; (2) observe the operations of the Franchise for such consecutive or intermittent periods as we deem necessary; (3) interview personnel of the Franchise; (4) interview customers of the Franchise; and (5) inspect and copy any books, records and documents relating to the operation of the Franchise.",Audit Rights,medium,Medium,True
"If Shipper makes a Pre-Service Increase Request, MPL shall notify Shipper of its new Quarterly Volume Commitment within thirty (30) days following receipt of Shipper's Pre-Service Increase Request, and Exhibit C shall be deemed revised to reflect Shipper's new volume commitment, which shall equal the sum of its original Capacity Request Form volume commitment and its Pre-Service Increase Request or its allocated portion thereof pursuant to this Section 3.9.",Minimum Commitment,medium,Medium,True
"If HOC does not provide HOC JV Acceptance Notice to the Company within fifteen (15) Business Days or such shorter period as may be specified in the Joint Venture Proposal Notice, of receiving of the Joint Venture Proposal Notice, the Company may enter into negotiations with any other person regarding the Proposed Joint Venture",Rofr/Rofo/Rofn,medium,Medium,True
"In addition, IAC shall secure any and all Intellectual Property Rights that may pertain to the Sonos Products that are created by such IAC Subcontractor, and hereby transfers and assigns all such Intellectual Property Rights",Ip Ownership Assignment,medium,Medium,True
"Business Automobile Liability insurance if vehicles will be used in the performance of the Agreement with limits of at least $1,000,000 each accident for bodily injury and property damage, extending to all owned, hired, and non-owned vehicles. AT&T, its Affiliates and their directors, officers and employees shall be included as additional insureds on a primary and non-contributory basis.",Insurance,medium,Medium,True
"If Shipper wishes a shipment partially loaded at more than one place of    loading and/or partially discharged at more than one place of unloading, and    if such places of loading are not included within the corporate limits of a    single municipality, or if such places of unloading are not all included    within the corporate limits of a single municipality, the applicable rate    shall be based on the mileage from point of origin to final destination over





   the route of actual movement as per Shipper's instructions, computed in    accordance with Item 217 (Distances-Method of Computing).",Volume Restriction,medium,Medium,True
"Effective as of the applicable Closing Date, the Seller hereby sells, assigns, transfers, conveys and delivers all of its right, title, and interest in and to the Assigned IP (together with the goodwill of the business symbolized by any Trademarks that constitute Assigned IP) and all Ancillary IP Rights with respect thereto, and shall cause the other Seller Parties to do the same, to the Purchaser Assignees and, effective as of the applicable Closing Date, the Purchaser Assignees hereby purchase, acquire and accept the same from the Seller Parties.",Ip Ownership Assignment,medium,Medium,True
"Airspan warrants that, following repair or replacement, the repaired or replaced Equipment or Software by Airspan shall be free from defects in materials and faulty workmanship and that the Software will conform in all material respects to Airspan's published specifications therefor for ninety (90) days from date of shipment from Airspan to Distributor or until the end of the Initial Warranty Period, whichever is longer.",Warranty Duration,medium,Medium,True
"In the event  Franchisee or the Principals  wish to accept a bona fide offer from a third party to purchase  all or substantially all of the assets constituting the Franchised  Restaurant or of the majority of the voting stock of the Franchisee,  the proposed  transferor(s) shall  give BKC  written  notice  setting  forth  the name  and  address  of the prospective  purchaser,  the  price  and  terms  of the  offer  together  with a franchisee  application  completed by the prospective  purchaser,  a copy of the Purchase and Sale Agreement,  executed by both the seller and purchaser, and all exhibits,  copies of any real estate purchase agreement or agreements,  proposed security agreements and related promissory notes, assignment documents,  and any other  information  that BKC may request in order to evaluate the offer.",Rofr/Rofo/Rofn,medium,Medium,True
where made jointly by MD Anderson and Adaptimmune and/or Adaptimmune Limited and their employees and agents will be jointly owned by MD Anderson and Adaptimmune Limited.,Joint Ip Ownership,medium,Medium,True
The Distributor's single purchase order amount shall be a minimum of five units.,Minimum Commitment,medium,Medium,True
"During the first year of the sponsorship following the                   Commencement Date, Excite will deliver not less than                   [****] Impressions on the Excite Site.",Minimum Commitment,medium,Medium,True
LKPL                            shall pay Axiometric Net Proceeds less the higher of                            a) five-percent (5%) of the Gross Proceeds or b)                            twenty-five-percent (25%) of the Net Proceeds.,Revenue/Profit Sharing,medium,Medium,True
"If we do not exercise this right of first refusal, you may accept the offer, subject to our prior written approval, as provided in Paragraph XVIII hereof, provided that if such offer is not so accepted within six (6) months of the date thereof, we will again have the right of first refusal herein described.",Rofr/Rofo/Rofn,medium,Medium,True
"If the aggregate actual number of Details for the Product made by the Sales Representatives for a Calendar Quarter is less than the Quarterly Minimum Details for such Calendar Quarter, then in calculating the promotion fee due under Section 6.1.1, the Applicable Percentage for such Calendar Quarter shall be reduced to a new percentage equal to [***].",Revenue/Profit Sharing,medium,Medium,True
"At a minimum, such policies must include the following: (a) commercial general liability insurance, completed-operations and independent-contractors coverage in the amount of $1,000,000, per person/per occurrence for bodily injury and property damage combined with a general aggregate of $3,000,000.",Insurance,medium,Medium,True
"Upon Acceptance as provided in Clause 9.2 HealthGate shall deliver             into escrow the source code, source listings and information for the             Proprietary Software included in the System in accordance with the             terms of the Escrow Agreement.",Source Code Escrow,medium,Medium,True
At the end of *** Parties will negotiate in good faith regarding a possible extension of the Initial Term.,Renewal Term,medium,Medium,True
The 15% royalty payable on the first U.S. $3 Billion of total annual worldwide Net Sales under this Section 6.3 shall be reduced to 10% if all of the following occur: (i) all Theravance Compounds are discontinued by the collaboration for Technical Failure; (ii) Theravance fails to contribute any Theravance New Compound to the collaboration within 18 months following the Effective Date; and (iii) the Collaboration Product upon which the royalty is payable contains a LABA that is one of the GSK Initially Pooled Compounds. Nothing in the foregoing shall affect other royalties owed under this Agreement.,Revenue/Profit Sharing,medium,Medium,True
"Joint Improvements  shall be owned jointly by the Parties, and PPI's interest therein shall be licensed to EKR hereunder.",Joint Ip Ownership,medium,Medium,True
"If the Domain Name is deemed a combination mark, neither party shall use the Domain Name for any purpose except as expressly provided herein or attempt to register the Domain Name, and the parties will jointly cooperate on any enforcement action of infringement of the Domain Name.",Joint Ip Ownership,medium,Medium,True
This      Agreement shall automatically renew for consecutive one (1) year terms      at XIMAGE's then prevailing rates at the end of each one (1) year term      unless either party gives at least sixty (60) days prior written notice      of the non-renewal of this Agreement.,Renewal Term,medium,Medium,True
"Professional Liability (Errors & Omissions) insurance with limits of at least $5,000,000 each claim or wrongful act.",Insurance,medium,Medium,True
MSL agrees to provide the audit or inspection team reasonable access     to the relevant MSL's and/or MSL's Subsidiaries' records and facilities for     the purpose of performing the audit.,Audit Rights,medium,Medium,True
"The parties agree that the records maintained and produced under this Agreement shall, at all times, be available at the Operations Center for examination and audit by governmental agencies having jurisdiction over the Customer's business, including any Federal, State or Puerto Rico Regulator.",Audit Rights,medium,Medium,True
"PAPA JOHN'S shall not, during the Term or at any time thereafter, attack or challenge, or lend assistance to any third party in connection with an attack or challenge, of any right, title or interest of ABG in and to any Personality Rights (including, without limitation, copyrights, trademarks and/or patents), whether by way of: (i) an application for and/or an opposition against any intellectual property rights relating to the Personality Rights, (ii) adoption and/or application for and/or registration of any intellectual property rights (including, without limitation, domain names, business names, and social media accounts) that are confusingly similar to, that dilute, or that infringe, any of the Personality Rights, or (iii) any lawsuit, cancellation proceeding or action, or otherwise.",Covenant Not To Sue,medium,Medium,True
Any rights of review and audit pursuant to this Paragraph 9 shall only be exercisable through the F&ASC in accordance with the F&ASC's audit procedures.,Audit Rights,medium,Medium,True
